rank,country,capital,population,flagThumbUrl,flagLinkUrl
1,Inde,New Delhi,1438069596,https://upload.wikimedia.org/wikipedia/commons/thumb/4/41/Flag_of_India.svg/20px-Flag_of_India.svg.png,https://commons.wikimedia.org/wiki/File:Flag_of_India.svg?uselang=fr
2,Chine,Pékin,1422584933,https://upload.wikimedia.org/wikipedia/commons/thumb/f/fa/Flag_of_the_People%27s_Republic_of_China.svg/20px-Flag_of_the_People%27s_Republic_of_China.svg.png,https://commons.wikimedia.org/wiki/File:Flag_of_the_People%27s_Republic_of_China.svg?uselang=fr
3,États-Unis,Washington,343477335,https://upload.wikimedia.org/wikipedia/commons/thumb/a/a4/Flag_of_the_United_States.svg/20px-Flag_of_the_United_States.svg.png,https://commons.wikimedia.org/wiki/File:Flag_of_the_United_States.svg?uselang=fr
4,Indonésie,Jakarta (de facto),281190067,https://upload.wikimedia.org/wikipedia/commons/thumb/9/9f/Flag_of_Indonesia.svg/20px-Flag_of_Indonesia.svg.png,https://commons.wikimedia.org/wiki/File:Flag_of_Indonesia.svg?uselang=fr
5,Pakistan,Islamabad,247504495,https://upload.wikimedia.org/wikipedia/commons/thumb/3/32/Flag_of_Pakistan.svg/20px-Flag_of_Pakistan.svg.png,https://commons.wikimedia.org/wiki/File:Flag_of_Pakistan.svg?uselang=fr
6,Nigeria,Abuja,227882945,https://upload.wikimedia.org/wikipedia/commons/thumb/7/79/Flag_of_Nigeria.svg/20px-Flag_of_Nigeria.svg.png,https://commons.wikimedia.org/wiki/File:Flag_of_Nigeria.svg?uselang=fr
7,Brésil,Brasilia,211140729,https://upload.wikimedia.org/wikipedia/commons/thumb/0/05/Flag_of_Brazil.svg/20px-Flag_of_Brazil.svg.png,https://commons.wikimedia.org/wiki/File:Flag_of_Brazil.svg?uselang=fr
8,Bangladesh,Dacca,171466990,https://upload.wikimedia.org/wikipedia/commons/thumb/f/f9/Flag_of_Bangladesh.svg/20px-Flag_of_Bangladesh.svg.png,https://commons.wikimedia.org/wiki/File:Flag_of_Bangladesh.svg?uselang=fr
9,Russie,Moscou,145440500,https://upload.wikimedia.org/wikipedia/commons/thumb/f/f3/Flag_of_Russia.svg/20px-Flag_of_Russia.svg.png,https://commons.wikimedia.org/wiki/File:Flag_of_Russia.svg?uselang=fr
10,Mexique,Mexico,129739759,https://upload.wikimedia.org/wikipedia/commons/thumb/f/fc/Flag_of_Mexico.svg/20px-Flag_of_Mexico.svg.png,https://commons.wikimedia.org/wiki/File:Flag_of_Mexico.svg?uselang=fr
11,Éthiopie,Addis-Abeba,128691692,https://upload.wikimedia.org/wikipedia/commons/thumb/7/71/Flag_of_Ethiopia.svg/20px-Flag_of_Ethiopia.svg.png,https://commons.wikimedia.org/wiki/File:Flag_of_Ethiopia.svg?uselang=fr
12,Japon,Tokyo,124370947,https://upload.wikimedia.org/wikipedia/commons/thumb/9/9e/Flag_of_Japan.svg/20px-Flag_of_Japan.svg.png,https://commons.wikimedia.org/wiki/File:Flag_of_Japan.svg?uselang=fr
13,Philippines,Manille,114891199,https://upload.wikimedia.org/wikipedia/commons/thumb/9/99/Flag_of_the_Philippines.svg/20px-Flag_of_the_Philippines.svg.png,https://commons.wikimedia.org/wiki/File:Flag_of_the_Philippines.svg?uselang=fr
14,Égypte,Le Caire,114535772,https://upload.wikimedia.org/wikipedia/commons/thumb/f/fe/Flag_of_Egypt.svg/20px-Flag_of_Egypt.svg.png,https://commons.wikimedia.org/wiki/File:Flag_of_Egypt.svg?uselang=fr
15,République démocratique du Congo,Kinshasa,105789731,https://upload.wikimedia.org/wikipedia/commons/thumb/6/6f/Flag_of_the_Democratic_Republic_of_the_Congo.svg/20px-Flag_of_the_Democratic_Republic_of_the_Congo.svg.png,https://commons.wikimedia.org/wiki/File:Flag_of_the_Democratic_Republic_of_the_Congo.svg?uselang=fr
16,Vietnam,Hanoï,100352192,https://upload.wikimedia.org/wikipedia/commons/thumb/2/21/Flag_of_Vietnam.svg/20px-Flag_of_Vietnam.svg.png,https://commons.wikimedia.org/wiki/File:Flag_of_Vietnam.svg?uselang=fr
17,Iran,Téhéran,90608707,https://upload.wikimedia.org/wikipedia/commons/thumb/c/ca/Flag_of_Iran.svg/20px-Flag_of_Iran.svg.png,https://commons.wikimedia.org/wiki/File:Flag_of_Iran.svg?uselang=fr
18,Turquie,Ankara,87270501,https://upload.wikimedia.org/wikipedia/commons/thumb/b/b4/Flag_of_Turkey.svg/20px-Flag_of_Turkey.svg.png,https://commons.wikimedia.org/wiki/File:Flag_of_Turkey.svg?uselang=fr
19,Allemagne,Berlin,84548231,https://upload.wikimedia.org/wikipedia/commons/thumb/b/ba/Flag_of_Germany.svg/20px-Flag_of_Germany.svg.png,https://commons.wikimedia.org/wiki/File:Flag_of_Germany.svg?uselang=fr
20,Thaïlande,Bangkok,71702435,https://upload.wikimedia.org/wikipedia/commons/thumb/a/a9/Flag_of_Thailand.svg/20px-Flag_of_Thailand.svg.png,https://commons.wikimedia.org/wiki/File:Flag_of_Thailand.svg?uselang=fr
21,Royaume-Uni,Londres,68682962,https://upload.wikimedia.org/wikipedia/commons/thumb/8/83/Flag_of_the_United_Kingdom_%283-5%29.svg/20px-Flag_of_the_United_Kingdom_%283-5%29.svg.png,https://commons.wikimedia.org/wiki/File:Flag_of_the_United_Kingdom_(3-5).svg?uselang=fr
22,Tanzanie,"Dar es Salam (de facto, judiciaire)",66617606,https://upload.wikimedia.org/wikipedia/commons/thumb/3/38/Flag_of_Tanzania.svg/20px-Flag_of_Tanzania.svg.png,https://commons.wikimedia.org/wiki/File:Flag_of_Tanzania.svg?uselang=fr
23,France,Paris,66438822,https://upload.wikimedia.org/wikipedia/commons/thumb/d/d1/Flag_of_France_%281976%E2%80%932020%29.svg/20px-Flag_of_France_%281976%E2%80%932020%29.svg.png,https://commons.wikimedia.org/wiki/File:Flag_of_France_(1976%E2%80%932020).svg?uselang=fr
24,Afrique du Sud,Bloemfontein (judiciaire),63212384,https://upload.wikimedia.org/wikipedia/commons/thumb/a/af/Flag_of_South_Africa.svg/20px-Flag_of_South_Africa.svg.png,https://commons.wikimedia.org/wiki/File:Flag_of_South_Africa.svg?uselang=fr
25,Italie,Rome,59499453,https://upload.wikimedia.org/wikipedia/commons/thumb/0/03/Flag_of_Italy.svg/20px-Flag_of_Italy.svg.png,https://commons.wikimedia.org/wiki/File:Flag_of_Italy.svg?uselang=fr
26,Kenya,Nairobi,55339003,https://upload.wikimedia.org/wikipedia/commons/thumb/4/49/Flag_of_Kenya.svg/20px-Flag_of_Kenya.svg.png,https://commons.wikimedia.org/wiki/File:Flag_of_Kenya.svg?uselang=fr
27,Birmanie,Naypyidaw,54133798,https://upload.wikimedia.org/wikipedia/commons/thumb/8/8c/Flag_of_Myanmar.svg/20px-Flag_of_Myanmar.svg.png,https://commons.wikimedia.org/wiki/File:Flag_of_Myanmar.svg?uselang=fr
28,Colombie,Bogota,52321152,https://upload.wikimedia.org/wikipedia/commons/thumb/2/21/Flag_of_Colombia.svg/20px-Flag_of_Colombia.svg.png,https://commons.wikimedia.org/wiki/File:Flag_of_Colombia.svg?uselang=fr
29,Corée du Sud,Sejong (de facto),51748739,https://upload.wikimedia.org/wikipedia/commons/thumb/0/09/Flag_of_South_Korea.svg/20px-Flag_of_South_Korea.svg.png,https://commons.wikimedia.org/wiki/File:Flag_of_South_Korea.svg?uselang=fr
30,Soudan,Khartoum,50042791,https://upload.wikimedia.org/wikipedia/commons/thumb/0/01/Flag_of_Sudan.svg/20px-Flag_of_Sudan.svg.png,https://commons.wikimedia.org/wiki/File:Flag_of_Sudan.svg?uselang=fr
31,Ouganda,Kampala,48656601,https://upload.wikimedia.org/wikipedia/commons/thumb/4/4e/Flag_of_Uganda.svg/20px-Flag_of_Uganda.svg.png,https://commons.wikimedia.org/wiki/File:Flag_of_Uganda.svg?uselang=fr
32,Espagne,Madrid,47911579,https://upload.wikimedia.org/wikipedia/commons/thumb/9/9a/Flag_of_Spain.svg/20px-Flag_of_Spain.svg.png,https://commons.wikimedia.org/wiki/File:Flag_of_Spain.svg?uselang=fr
33,Algérie,Alger,46164219,https://upload.wikimedia.org/wikipedia/commons/thumb/7/77/Flag_of_Algeria.svg/20px-Flag_of_Algeria.svg.png,https://commons.wikimedia.org/wiki/File:Flag_of_Algeria.svg?uselang=fr
34,Argentine,Buenos Aires,45538401,https://upload.wikimedia.org/wikipedia/commons/thumb/1/1a/Flag_of_Argentina.svg/20px-Flag_of_Argentina.svg.png,https://commons.wikimedia.org/wiki/File:Flag_of_Argentina.svg?uselang=fr
35,Irak,Bagdad,45074049,https://upload.wikimedia.org/wikipedia/commons/thumb/f/f6/Flag_of_Iraq.svg/20px-Flag_of_Iraq.svg.png,https://commons.wikimedia.org/wiki/File:Flag_of_Iraq.svg?uselang=fr
36,Afghanistan,Kaboul,41454761,https://upload.wikimedia.org/wikipedia/commons/thumb/5/5c/Flag_of_the_Taliban.svg/20px-Flag_of_the_Taliban.svg.png,https://commons.wikimedia.org/wiki/File:Flag_of_the_Taliban.svg?uselang=fr
37,Yémen,Sanaa (contesté),39390799,https://upload.wikimedia.org/wikipedia/commons/thumb/8/89/Flag_of_Yemen.svg/20px-Flag_of_Yemen.svg.png,https://commons.wikimedia.org/wiki/File:Flag_of_Yemen.svg?uselang=fr
38,Canada,Ottawa,39299105,https://upload.wikimedia.org/wikipedia/commons/thumb/d/d9/Flag_of_Canada_%28Pantone%29.svg/20px-Flag_of_Canada_%28Pantone%29.svg.png,https://commons.wikimedia.org/wiki/File:Flag_of_Canada_(Pantone).svg?uselang=fr
39,Pologne,Varsovie,38762844,https://upload.wikimedia.org/wikipedia/commons/thumb/1/12/Flag_of_Poland.svg/20px-Flag_of_Poland.svg.png,https://commons.wikimedia.org/wiki/File:Flag_of_Poland.svg?uselang=fr
40,Ukraine,Kiev,37732836,https://upload.wikimedia.org/wikipedia/commons/thumb/4/49/Flag_of_Ukraine.svg/20px-Flag_of_Ukraine.svg.png,https://commons.wikimedia.org/wiki/File:Flag_of_Ukraine.svg?uselang=fr
41,Maroc,Rabat,37712505,https://upload.wikimedia.org/wikipedia/commons/thumb/2/2c/Flag_of_Morocco.svg/20px-Flag_of_Morocco.svg.png,https://commons.wikimedia.org/wiki/File:Flag_of_Morocco.svg?uselang=fr
42,Angola,Luanda,36749906,https://upload.wikimedia.org/wikipedia/commons/thumb/9/9d/Flag_of_Angola.svg/20px-Flag_of_Angola.svg.png,https://commons.wikimedia.org/wiki/File:Flag_of_Angola.svg?uselang=fr
43,Ouzbékistan,Tachkent,35652307,https://upload.wikimedia.org/wikipedia/commons/thumb/8/84/Flag_of_Uzbekistan.svg/20px-Flag_of_Uzbekistan.svg.png,https://commons.wikimedia.org/wiki/File:Flag_of_Uzbekistan.svg?uselang=fr
44,Malaisie,Kuala Lumpur (officielle),35126298,https://upload.wikimedia.org/wikipedia/commons/thumb/6/66/Flag_of_Malaysia.svg/20px-Flag_of_Malaysia.svg.png,https://commons.wikimedia.org/wiki/File:Flag_of_Malaysia.svg?uselang=fr
45,Pérou,Lima,33845617,https://upload.wikimedia.org/wikipedia/commons/thumb/c/cf/Flag_of_Peru.svg/20px-Flag_of_Peru.svg.png,https://commons.wikimedia.org/wiki/File:Flag_of_Peru.svg?uselang=fr
46,Ghana,Accra,33787914,https://upload.wikimedia.org/wikipedia/commons/thumb/1/19/Flag_of_Ghana.svg/20px-Flag_of_Ghana.svg.png,https://commons.wikimedia.org/wiki/File:Flag_of_Ghana.svg?uselang=fr
47,Mozambique,Maputo,33635160,https://upload.wikimedia.org/wikipedia/commons/thumb/d/d0/Flag_of_Mozambique.svg/20px-Flag_of_Mozambique.svg.png,https://commons.wikimedia.org/wiki/File:Flag_of_Mozambique.svg?uselang=fr
48,Arabie saoudite,Riyad,33264292,https://upload.wikimedia.org/wikipedia/commons/thumb/0/0d/Flag_of_Saudi_Arabia.svg/20px-Flag_of_Saudi_Arabia.svg.png,https://commons.wikimedia.org/wiki/File:Flag_of_Saudi_Arabia.svg?uselang=fr
49,Madagascar,Antananarivo ou Tananarive,31195932,https://upload.wikimedia.org/wikipedia/commons/thumb/b/bc/Flag_of_Madagascar.svg/20px-Flag_of_Madagascar.svg.png,https://commons.wikimedia.org/wiki/File:Flag_of_Madagascar.svg?uselang=fr
50,Côte d'Ivoire,Yamoussoukro,31165654,https://upload.wikimedia.org/wikipedia/commons/thumb/f/fe/Flag_of_C%C3%B4te_d%27Ivoire.svg/20px-Flag_of_C%C3%B4te_d%27Ivoire.svg.png,https://commons.wikimedia.org/wiki/File:Flag_of_C%C3%B4te_d%27Ivoire.svg?uselang=fr
51,Népal,Katmandou,29694614,https://upload.wikimedia.org/wikipedia/commons/thumb/9/9b/Flag_of_Nepal.svg/20px-Flag_of_Nepal.svg.png,https://commons.wikimedia.org/wiki/File:Flag_of_Nepal.svg?uselang=fr
52,Cameroun,Yaoundé,28372687,https://upload.wikimedia.org/wikipedia/commons/thumb/4/4f/Flag_of_Cameroon.svg/20px-Flag_of_Cameroon.svg.png,https://commons.wikimedia.org/wiki/File:Flag_of_Cameroon.svg?uselang=fr
53,Venezuela,Caracas,28300854,https://upload.wikimedia.org/wikipedia/commons/thumb/0/06/Flag_of_Venezuela.svg/20px-Flag_of_Venezuela.svg.png,https://commons.wikimedia.org/wiki/File:Flag_of_Venezuela.svg?uselang=fr
54,Australie,Canberra,26451124,https://upload.wikimedia.org/wikipedia/commons/thumb/b/b9/Flag_of_Australia.svg/20px-Flag_of_Australia.svg.png,https://commons.wikimedia.org/wiki/File:Flag_of_Australia.svg?uselang=fr
55,Corée du Nord,Pyongyang,26418204,https://upload.wikimedia.org/wikipedia/commons/thumb/5/51/Flag_of_North_Korea.svg/20px-Flag_of_North_Korea.svg.png,https://commons.wikimedia.org/wiki/File:Flag_of_North_Korea.svg?uselang=fr
56,Niger,Niamey,26159867,https://upload.wikimedia.org/wikipedia/commons/thumb/f/f4/Flag_of_Niger.svg/20px-Flag_of_Niger.svg.png,https://commons.wikimedia.org/wiki/File:Flag_of_Niger.svg?uselang=fr
57,Mali,Bamako,23769127,https://upload.wikimedia.org/wikipedia/commons/thumb/9/92/Flag_of_Mali.svg/20px-Flag_of_Mali.svg.png,https://commons.wikimedia.org/wiki/File:Flag_of_Mali.svg?uselang=fr
58,Syrie,Damas,23594623,https://upload.wikimedia.org/wikipedia/commons/thumb/5/54/Flag_of_Syria_%282025-%29.svg/20px-Flag_of_Syria_%282025-%29.svg.png,https://commons.wikimedia.org/wiki/File:Flag_of_Syria_(2025-).svg?uselang=fr
60,Burkina Faso,Ouagadougou,23025776,https://upload.wikimedia.org/wikipedia/commons/thumb/3/31/Flag_of_Burkina_Faso.svg/20px-Flag_of_Burkina_Faso.svg.png,https://commons.wikimedia.org/wiki/File:Flag_of_Burkina_Faso.svg?uselang=fr
61,Sri Lanka,Colombo (exécutive et judiciaire),22971617,https://upload.wikimedia.org/wikipedia/commons/thumb/1/11/Flag_of_Sri_Lanka.svg/20px-Flag_of_Sri_Lanka.svg.png,https://commons.wikimedia.org/wiki/File:Flag_of_Sri_Lanka.svg?uselang=fr
62,Malawi,Lilongwe,21104482,https://upload.wikimedia.org/wikipedia/commons/thumb/d/d1/Flag_of_Malawi.svg/20px-Flag_of_Malawi.svg.png,https://commons.wikimedia.org/wiki/File:Flag_of_Malawi.svg?uselang=fr
63,Zambie,Lusaka,20723965,https://upload.wikimedia.org/wikipedia/commons/thumb/0/06/Flag_of_Zambia.svg/20px-Flag_of_Zambia.svg.png,https://commons.wikimedia.org/wiki/File:Flag_of_Zambia.svg?uselang=fr
64,Kazakhstan,Astana,20330104,https://upload.wikimedia.org/wikipedia/commons/thumb/d/d3/Flag_of_Kazakhstan.svg/20px-Flag_of_Kazakhstan.svg.png,https://commons.wikimedia.org/wiki/File:Flag_of_Kazakhstan.svg?uselang=fr
65,Chili,Santiago (officielle),19658835,https://upload.wikimedia.org/wikipedia/commons/thumb/7/78/Flag_of_Chile.svg/20px-Flag_of_Chile.svg.png,https://commons.wikimedia.org/wiki/File:Flag_of_Chile.svg?uselang=fr
66,Tchad,N'Djaména,19319064,https://upload.wikimedia.org/wikipedia/commons/thumb/4/4b/Flag_of_Chad.svg/20px-Flag_of_Chad.svg.png,https://commons.wikimedia.org/wiki/File:Flag_of_Chad.svg?uselang=fr
67,Roumanie,Bucarest,19118479,https://upload.wikimedia.org/wikipedia/commons/thumb/7/73/Flag_of_Romania.svg/20px-Flag_of_Romania.svg.png,https://commons.wikimedia.org/wiki/File:Flag_of_Romania.svg?uselang=fr
68,Somalie,Mogadiscio,18358615,https://upload.wikimedia.org/wikipedia/commons/thumb/a/a0/Flag_of_Somalia.svg/20px-Flag_of_Somalia.svg.png,https://commons.wikimedia.org/wiki/File:Flag_of_Somalia.svg?uselang=fr
69,Guatemala,Guatemala,18124838,https://upload.wikimedia.org/wikipedia/commons/thumb/e/ec/Flag_of_Guatemala.svg/20px-Flag_of_Guatemala.svg.png,https://commons.wikimedia.org/wiki/File:Flag_of_Guatemala.svg?uselang=fr
70,Pays-Bas,Amsterdam (officielle),18092524,https://upload.wikimedia.org/wikipedia/commons/thumb/2/20/Flag_of_the_Netherlands.svg/20px-Flag_of_the_Netherlands.svg.png,https://commons.wikimedia.org/wiki/File:Flag_of_the_Netherlands.svg?uselang=fr
71,Sénégal,Dakar,18077573,https://upload.wikimedia.org/wikipedia/commons/thumb/f/fd/Flag_of_Senegal.svg/20px-Flag_of_Senegal.svg.png,https://commons.wikimedia.org/wiki/File:Flag_of_Senegal.svg?uselang=fr
72,Équateur,Quito,17980083,https://upload.wikimedia.org/wikipedia/commons/thumb/e/e8/Flag_of_Ecuador.svg/20px-Flag_of_Ecuador.svg.png,https://commons.wikimedia.org/wiki/File:Flag_of_Ecuador.svg?uselang=fr
73,Cambodge,Phnom Penh,17423880,https://upload.wikimedia.org/wikipedia/commons/thumb/8/83/Flag_of_Cambodia.svg/20px-Flag_of_Cambodia.svg.png,https://commons.wikimedia.org/wiki/File:Flag_of_Cambodia.svg?uselang=fr
74,Zimbabwe,Harare,16340822,https://upload.wikimedia.org/wikipedia/commons/thumb/6/6a/Flag_of_Zimbabwe.svg/20px-Flag_of_Zimbabwe.svg.png,https://commons.wikimedia.org/wiki/File:Flag_of_Zimbabwe.svg?uselang=fr
75,Guinée,Conakry,14405468,https://upload.wikimedia.org/wikipedia/commons/thumb/e/ed/Flag_of_Guinea.svg/20px-Flag_of_Guinea.svg.png,https://commons.wikimedia.org/wiki/File:Flag_of_Guinea.svg?uselang=fr
76,Bénin,Cotonou (de facto),14111034,https://upload.wikimedia.org/wikipedia/commons/thumb/0/0a/Flag_of_Benin.svg/20px-Flag_of_Benin.svg.png,https://commons.wikimedia.org/wiki/File:Flag_of_Benin.svg?uselang=fr
77,Rwanda,Kigali,13954471,https://upload.wikimedia.org/wikipedia/commons/thumb/1/17/Flag_of_Rwanda.svg/20px-Flag_of_Rwanda.svg.png,https://commons.wikimedia.org/wiki/File:Flag_of_Rwanda.svg?uselang=fr
78,Burundi,Bujumbura (de facto),13689450,https://upload.wikimedia.org/wikipedia/commons/thumb/5/50/Flag_of_Burundi.svg/20px-Flag_of_Burundi.svg.png,https://commons.wikimedia.org/wiki/File:Flag_of_Burundi.svg?uselang=fr
79,Bolivie,La Paz (gouvernement et ambassades),12244159,https://upload.wikimedia.org/wikipedia/commons/thumb/4/48/Flag_of_Bolivia.svg/20px-Flag_of_Bolivia.svg.png,https://commons.wikimedia.org/wiki/File:Flag_of_Bolivia.svg?uselang=fr
80,Tunisie,Tunis,12200431,https://upload.wikimedia.org/wikipedia/commons/thumb/c/ce/Flag_of_Tunisia.svg/20px-Flag_of_Tunisia.svg.png,https://commons.wikimedia.org/wiki/File:Flag_of_Tunisia.svg?uselang=fr
81,Belgique,Bruxelles,11712893,https://upload.wikimedia.org/wikipedia/commons/thumb/9/92/Flag_of_Belgium_%28civil%29.svg/20px-Flag_of_Belgium_%28civil%29.svg.png,https://commons.wikimedia.org/wiki/File:Flag_of_Belgium_(civil).svg?uselang=fr
82,Haïti,Port-au-Prince,11637398,https://upload.wikimedia.org/wikipedia/commons/thumb/5/56/Flag_of_Haiti.svg/20px-Flag_of_Haiti.svg.png,https://commons.wikimedia.org/wiki/File:Flag_of_Haiti.svg?uselang=fr
83,Soudan du Sud,Djouba,11483374,https://upload.wikimedia.org/wikipedia/commons/thumb/7/7a/Flag_of_South_Sudan.svg/20px-Flag_of_South_Sudan.svg.png,https://commons.wikimedia.org/wiki/File:Flag_of_South_Sudan.svg?uselang=fr
84,Jordanie,Amman,11439213,https://upload.wikimedia.org/wikipedia/commons/thumb/c/c0/Flag_of_Jordan.svg/20px-Flag_of_Jordan.svg.png,https://commons.wikimedia.org/wiki/File:Flag_of_Jordan.svg?uselang=fr
85,République dominicaine,Saint-Domingue,11331265,https://upload.wikimedia.org/wikipedia/commons/thumb/9/9f/Flag_of_the_Dominican_Republic.svg/20px-Flag_of_the_Dominican_Republic.svg.png,https://commons.wikimedia.org/wiki/File:Flag_of_the_Dominican_Republic.svg?uselang=fr
86,Cuba,La Havane,11019931,https://upload.wikimedia.org/wikipedia/commons/thumb/b/bd/Flag_of_Cuba.svg/20px-Flag_of_Cuba.svg.png,https://commons.wikimedia.org/wiki/File:Flag_of_Cuba.svg?uselang=fr
88,Honduras,Comayagüela,10644851,https://upload.wikimedia.org/wikipedia/commons/thumb/7/79/Flag_of_Honduras_%281949%E2%80%932022%2C_2026%E2%80%93present%29.svg/20px-Flag_of_Honduras_%281949%E2%80%932022%2C_2026%E2%80%93present%29.svg.png,"https://commons.wikimedia.org/wiki/File:Flag_of_Honduras_(1949%E2%80%932022,_2026%E2%80%93present).svg?uselang=fr"
89,Émirats arabes unis,Abou Dabi,10642081,https://upload.wikimedia.org/wikipedia/commons/thumb/c/cb/Flag_of_the_United_Arab_Emirates.svg/20px-Flag_of_the_United_Arab_Emirates.svg.png,https://commons.wikimedia.org/wiki/File:Flag_of_the_United_Arab_Emirates.svg?uselang=fr
90,Suède,Stockholm,10551494,https://upload.wikimedia.org/wikipedia/commons/thumb/4/4c/Flag_of_Sweden.svg/20px-Flag_of_Sweden.svg.png,https://commons.wikimedia.org/wiki/File:Flag_of_Sweden.svg?uselang=fr
91,Portugal,Lisbonne,10430738,https://upload.wikimedia.org/wikipedia/commons/thumb/5/5c/Flag_of_Portugal.svg/20px-Flag_of_Portugal.svg.png,https://commons.wikimedia.org/wiki/File:Flag_of_Portugal.svg?uselang=fr
92,Tadjikistan,Douchanbé,10389799,https://upload.wikimedia.org/wikipedia/commons/thumb/d/d0/Flag_of_Tajikistan.svg/20px-Flag_of_Tajikistan.svg.png,https://commons.wikimedia.org/wiki/File:Flag_of_Tajikistan.svg?uselang=fr
93,Papouasie-Nouvelle-Guinée,Port Moresby,10389635,https://upload.wikimedia.org/wikipedia/commons/thumb/e/e3/Flag_of_Papua_New_Guinea.svg/20px-Flag_of_Papua_New_Guinea.svg.png,https://commons.wikimedia.org/wiki/File:Flag_of_Papua_New_Guinea.svg?uselang=fr
94,Azerbaïdjan,Bakou,10318207,https://upload.wikimedia.org/wikipedia/commons/thumb/d/dd/Flag_of_Azerbaijan.svg/20px-Flag_of_Azerbaijan.svg.png,https://commons.wikimedia.org/wiki/File:Flag_of_Azerbaijan.svg?uselang=fr
95,Grèce,Athènes,10242908,https://upload.wikimedia.org/wikipedia/commons/thumb/5/5c/Flag_of_Greece.svg/20px-Flag_of_Greece.svg.png,https://commons.wikimedia.org/wiki/File:Flag_of_Greece.svg?uselang=fr
96,Hongrie,Budapest,9686463,https://upload.wikimedia.org/wikipedia/commons/thumb/c/c1/Flag_of_Hungary.svg/20px-Flag_of_Hungary.svg.png,https://commons.wikimedia.org/wiki/File:Flag_of_Hungary.svg?uselang=fr
97,Togo,Lomé,9304337,https://upload.wikimedia.org/wikipedia/commons/thumb/7/7a/Flag_of_Togo_%283-2%29.svg/20px-Flag_of_Togo_%283-2%29.svg.png,https://commons.wikimedia.org/wiki/File:Flag_of_Togo_(3-2).svg?uselang=fr
98,Israël,Jérusalem (non reconnue internationalement),9256314,https://upload.wikimedia.org/wikipedia/commons/thumb/d/d4/Flag_of_Israel.svg/20px-Flag_of_Israel.svg.png,https://commons.wikimedia.org/wiki/File:Flag_of_Israel.svg?uselang=fr
99,Autriche,Vienne,9130429,https://upload.wikimedia.org/wikipedia/commons/thumb/4/41/Flag_of_Austria.svg/20px-Flag_of_Austria.svg.png,https://commons.wikimedia.org/wiki/File:Flag_of_Austria.svg?uselang=fr
100,Biélorussie,Minsk,9115680,https://upload.wikimedia.org/wikipedia/commons/thumb/8/85/Flag_of_Belarus.svg/20px-Flag_of_Belarus.svg.png,https://commons.wikimedia.org/wiki/File:Flag_of_Belarus.svg?uselang=fr
101,Suisse,Berne (de facto),8870561,https://upload.wikimedia.org/wikipedia/commons/thumb/f/f3/Flag_of_Switzerland.svg/20px-Flag_of_Switzerland.svg.png,https://commons.wikimedia.org/wiki/File:Flag_of_Switzerland.svg?uselang=fr
102,Sierra Leone,Freetown,8460512,https://upload.wikimedia.org/wikipedia/commons/thumb/1/17/Flag_of_Sierra_Leone.svg/20px-Flag_of_Sierra_Leone.svg.png,https://commons.wikimedia.org/wiki/File:Flag_of_Sierra_Leone.svg?uselang=fr
103,Laos,Vientiane,7664993,https://upload.wikimedia.org/wikipedia/commons/thumb/5/56/Flag_of_Laos.svg/20px-Flag_of_Laos.svg.png,https://commons.wikimedia.org/wiki/File:Flag_of_Laos.svg?uselang=fr
104,Turkménistan,Achgabat,7364438,https://upload.wikimedia.org/wikipedia/commons/thumb/1/1b/Flag_of_Turkmenistan.svg/20px-Flag_of_Turkmenistan.svg.png,https://commons.wikimedia.org/wiki/File:Flag_of_Turkmenistan.svg?uselang=fr
105,Libye,Tripoli,7305659,https://upload.wikimedia.org/wikipedia/commons/thumb/0/05/Flag_of_Libya.svg/20px-Flag_of_Libya.svg.png,https://commons.wikimedia.org/wiki/File:Flag_of_Libya.svg?uselang=fr
106,Kirghizistan,Bichkek,7073516,https://upload.wikimedia.org/wikipedia/commons/thumb/c/c7/Flag_of_Kyrgyzstan.svg/20px-Flag_of_Kyrgyzstan.svg.png,https://commons.wikimedia.org/wiki/File:Flag_of_Kyrgyzstan.svg?uselang=fr
107,Paraguay,Asuncion,6844146,https://upload.wikimedia.org/wikipedia/commons/thumb/2/27/Flag_of_Paraguay.svg/20px-Flag_of_Paraguay.svg.png,https://commons.wikimedia.org/wiki/File:Flag_of_Paraguay.svg?uselang=fr
108,Nicaragua,Managua,6823613,https://upload.wikimedia.org/wikipedia/commons/thumb/1/19/Flag_of_Nicaragua.svg/20px-Flag_of_Nicaragua.svg.png,https://commons.wikimedia.org/wiki/File:Flag_of_Nicaragua.svg?uselang=fr
109,Bulgarie,Sofia,6795803,https://upload.wikimedia.org/wikipedia/commons/thumb/9/9a/Flag_of_Bulgaria.svg/20px-Flag_of_Bulgaria.svg.png,https://commons.wikimedia.org/wiki/File:Flag_of_Bulgaria.svg?uselang=fr
110,Serbie,Belgrade,6773201,https://upload.wikimedia.org/wikipedia/commons/thumb/f/ff/Flag_of_Serbia.svg/20px-Flag_of_Serbia.svg.png,https://commons.wikimedia.org/wiki/File:Flag_of_Serbia.svg?uselang=fr
111,Salvador,San Salvador,6309624,https://upload.wikimedia.org/wikipedia/commons/thumb/3/34/Flag_of_El_Salvador.svg/20px-Flag_of_El_Salvador.svg.png,https://commons.wikimedia.org/wiki/File:Flag_of_El_Salvador.svg?uselang=fr
112,République du Congo,Brazzaville,6182885,https://upload.wikimedia.org/wikipedia/commons/thumb/9/92/Flag_of_the_Republic_of_the_Congo.svg/20px-Flag_of_the_Republic_of_the_Congo.svg.png,https://commons.wikimedia.org/wiki/File:Flag_of_the_Republic_of_the_Congo.svg?uselang=fr
113,Danemark,Copenhague,5948136,https://upload.wikimedia.org/wikipedia/commons/thumb/9/9c/Flag_of_Denmark.svg/20px-Flag_of_Denmark.svg.png,https://commons.wikimedia.org/wiki/File:Flag_of_Denmark.svg?uselang=fr
114,Singapour,Singapour,5789090,https://upload.wikimedia.org/wikipedia/commons/thumb/4/48/Flag_of_Singapore.svg/20px-Flag_of_Singapore.svg.png,https://commons.wikimedia.org/wiki/File:Flag_of_Singapore.svg?uselang=fr
115,Liban,Beyrouth,5773493,https://upload.wikimedia.org/wikipedia/commons/thumb/5/59/Flag_of_Lebanon.svg/20px-Flag_of_Lebanon.svg.png,https://commons.wikimedia.org/wiki/File:Flag_of_Lebanon.svg?uselang=fr
116,Finlande,Helsinki,5601185,https://upload.wikimedia.org/wikipedia/commons/thumb/b/bc/Flag_of_Finland.svg/20px-Flag_of_Finland.svg.png,https://commons.wikimedia.org/wiki/File:Flag_of_Finland.svg?uselang=fr
117,Norvège,Oslo,5519167,https://upload.wikimedia.org/wikipedia/commons/thumb/d/d9/Flag_of_Norway.svg/20px-Flag_of_Norway.svg.png,https://commons.wikimedia.org/wiki/File:Flag_of_Norway.svg?uselang=fr
118,Slovaquie,Bratislava,5518055,https://upload.wikimedia.org/wikipedia/commons/thumb/e/e6/Flag_of_Slovakia.svg/20px-Flag_of_Slovakia.svg.png,https://commons.wikimedia.org/wiki/File:Flag_of_Slovakia.svg?uselang=fr
119,Liberia,Monrovia,5493031,https://upload.wikimedia.org/wikipedia/commons/thumb/b/b8/Flag_of_Liberia.svg/20px-Flag_of_Liberia.svg.png,https://commons.wikimedia.org/wiki/File:Flag_of_Liberia.svg?uselang=fr
120,Palestine,Jérusalem (proclamée),5409202,https://upload.wikimedia.org/wikipedia/commons/thumb/0/00/Flag_of_Palestine.svg/20px-Flag_of_Palestine.svg.png,https://commons.wikimedia.org/wiki/File:Flag_of_Palestine.svg?uselang=fr
121,Irlande,Dublin,5196630,https://upload.wikimedia.org/wikipedia/commons/thumb/4/45/Flag_of_Ireland.svg/20px-Flag_of_Ireland.svg.png,https://commons.wikimedia.org/wiki/File:Flag_of_Ireland.svg?uselang=fr
122,Nouvelle-Zélande,Wellington,5172836,https://upload.wikimedia.org/wikipedia/commons/thumb/3/3e/Flag_of_New_Zealand.svg/20px-Flag_of_New_Zealand.svg.png,https://commons.wikimedia.org/wiki/File:Flag_of_New_Zealand.svg?uselang=fr
123,République centrafricaine,Bangui,5152421,https://upload.wikimedia.org/wikipedia/commons/thumb/6/6f/Flag_of_the_Central_African_Republic.svg/20px-Flag_of_the_Central_African_Republic.svg.png,https://commons.wikimedia.org/wiki/File:Flag_of_the_Central_African_Republic.svg?uselang=fr
124,Costa Rica,San José,5105525,https://upload.wikimedia.org/wikipedia/commons/thumb/f/f2/Flag_of_Costa_Rica.svg/20px-Flag_of_Costa_Rica.svg.png,https://commons.wikimedia.org/wiki/File:Flag_of_Costa_Rica.svg?uselang=fr
125,Oman,Mascate,5049269,https://upload.wikimedia.org/wikipedia/commons/thumb/d/dd/Flag_of_Oman.svg/20px-Flag_of_Oman.svg.png,https://commons.wikimedia.org/wiki/File:Flag_of_Oman.svg?uselang=fr
126,Mauritanie,Nouakchott,5022441,https://upload.wikimedia.org/wikipedia/commons/thumb/4/43/Flag_of_Mauritania.svg/20px-Flag_of_Mauritania.svg.png,https://commons.wikimedia.org/wiki/File:Flag_of_Mauritania.svg?uselang=fr
127,Koweït,Koweït,4838782,https://upload.wikimedia.org/wikipedia/commons/thumb/a/aa/Flag_of_Kuwait.svg/20px-Flag_of_Kuwait.svg.png,https://commons.wikimedia.org/wiki/File:Flag_of_Kuwait.svg?uselang=fr
128,Panama,Panama,4458759,https://upload.wikimedia.org/wikipedia/commons/thumb/a/ab/Flag_of_Panama.svg/20px-Flag_of_Panama.svg.png,https://commons.wikimedia.org/wiki/File:Flag_of_Panama.svg?uselang=fr
129,Croatie,Zagreb,3896023,https://upload.wikimedia.org/wikipedia/commons/thumb/1/1b/Flag_of_Croatia.svg/20px-Flag_of_Croatia.svg.png,https://commons.wikimedia.org/wiki/File:Flag_of_Croatia.svg?uselang=fr
130,Géorgie,Tbilissi,3807492,https://upload.wikimedia.org/wikipedia/commons/thumb/0/0f/Flag_of_Georgia.svg/20px-Flag_of_Georgia.svg.png,https://commons.wikimedia.org/wiki/File:Flag_of_Georgia.svg?uselang=fr
131,Érythrée,Asmara,3470390,https://upload.wikimedia.org/wikipedia/commons/thumb/2/29/Flag_of_Eritrea.svg/20px-Flag_of_Eritrea.svg.png,https://commons.wikimedia.org/wiki/File:Flag_of_Eritrea.svg?uselang=fr
132,Mongolie,Oulan-Bator,3431932,https://upload.wikimedia.org/wikipedia/commons/thumb/4/4c/Flag_of_Mongolia.svg/20px-Flag_of_Mongolia.svg.png,https://commons.wikimedia.org/wiki/File:Flag_of_Mongolia.svg?uselang=fr
133,Uruguay,Montevideo,3388081,https://upload.wikimedia.org/wikipedia/commons/thumb/f/fe/Flag_of_Uruguay.svg/20px-Flag_of_Uruguay.svg.png,https://commons.wikimedia.org/wiki/File:Flag_of_Uruguay.svg?uselang=fr
134,Bosnie-Herzégovine,Sarajevo,3185073,https://upload.wikimedia.org/wikipedia/commons/thumb/b/bf/Flag_of_Bosnia_and_Herzegovina.svg/20px-Flag_of_Bosnia_and_Herzegovina.svg.png,https://commons.wikimedia.org/wiki/File:Flag_of_Bosnia_and_Herzegovina.svg?uselang=fr
135,Moldavie,Chisinau,3067070,https://upload.wikimedia.org/wikipedia/commons/thumb/2/27/Flag_of_Moldova.svg/20px-Flag_of_Moldova.svg.png,https://commons.wikimedia.org/wiki/File:Flag_of_Moldova.svg?uselang=fr
136,Qatar,Doha,2979082,https://upload.wikimedia.org/wikipedia/commons/thumb/6/65/Flag_of_Qatar.svg/20px-Flag_of_Qatar.svg.png,https://commons.wikimedia.org/wiki/File:Flag_of_Qatar.svg?uselang=fr
137,Namibie,Windhoek,2963095,https://upload.wikimedia.org/wikipedia/commons/thumb/0/00/Flag_of_Namibia.svg/20px-Flag_of_Namibia.svg.png,https://commons.wikimedia.org/wiki/File:Flag_of_Namibia.svg?uselang=fr
138,Arménie,Erevan,2943393,https://upload.wikimedia.org/wikipedia/commons/thumb/2/2f/Flag_of_Armenia.svg/20px-Flag_of_Armenia.svg.png,https://commons.wikimedia.org/wiki/File:Flag_of_Armenia.svg?uselang=fr
139,Lituanie,Vilnius,2854099,https://upload.wikimedia.org/wikipedia/commons/thumb/1/11/Flag_of_Lithuania.svg/20px-Flag_of_Lithuania.svg.png,https://commons.wikimedia.org/wiki/File:Flag_of_Lithuania.svg?uselang=fr
140,Jamaïque,Kingston,2839786,https://upload.wikimedia.org/wikipedia/commons/thumb/0/0a/Flag_of_Jamaica.svg/20px-Flag_of_Jamaica.svg.png,https://commons.wikimedia.org/wiki/File:Flag_of_Jamaica.svg?uselang=fr
141,Albanie,Tirana,2811655,https://upload.wikimedia.org/wikipedia/commons/thumb/3/36/Flag_of_Albania.svg/20px-Flag_of_Albania.svg.png,https://commons.wikimedia.org/wiki/File:Flag_of_Albania.svg?uselang=fr
142,Gambie,Banjul,2697845,https://upload.wikimedia.org/wikipedia/commons/thumb/7/77/Flag_of_The_Gambia.svg/20px-Flag_of_The_Gambia.svg.png,https://commons.wikimedia.org/wiki/File:Flag_of_The_Gambia.svg?uselang=fr
143,Gabon,Libreville,2484789,https://upload.wikimedia.org/wikipedia/commons/thumb/0/04/Flag_of_Gabon.svg/20px-Flag_of_Gabon.svg.png,https://commons.wikimedia.org/wiki/File:Flag_of_Gabon.svg?uselang=fr
144,Botswana,Gaborone,2480244,https://upload.wikimedia.org/wikipedia/commons/thumb/f/fa/Flag_of_Botswana.svg/20px-Flag_of_Botswana.svg.png,https://commons.wikimedia.org/wiki/File:Flag_of_Botswana.svg?uselang=fr
145,Lesotho,Maseru,2311472,https://upload.wikimedia.org/wikipedia/commons/thumb/4/4a/Flag_of_Lesotho.svg/20px-Flag_of_Lesotho.svg.png,https://commons.wikimedia.org/wiki/File:Flag_of_Lesotho.svg?uselang=fr
146,Guinée-Bissau,Bissau,2153339,https://upload.wikimedia.org/wikipedia/commons/thumb/0/01/Flag_of_Guinea-Bissau.svg/20px-Flag_of_Guinea-Bissau.svg.png,https://commons.wikimedia.org/wiki/File:Flag_of_Guinea-Bissau.svg?uselang=fr
147,Slovénie,Ljubljana,2118396,https://upload.wikimedia.org/wikipedia/commons/thumb/f/f0/Flag_of_Slovenia.svg/20px-Flag_of_Slovenia.svg.png,https://commons.wikimedia.org/wiki/File:Flag_of_Slovenia.svg?uselang=fr
148,Lettonie,Riga,1882396,https://upload.wikimedia.org/wikipedia/commons/thumb/8/84/Flag_of_Latvia.svg/20px-Flag_of_Latvia.svg.png,https://commons.wikimedia.org/wiki/File:Flag_of_Latvia.svg?uselang=fr
149,Guinée équatoriale,Ciudad de la Paz,1847549,https://upload.wikimedia.org/wikipedia/commons/thumb/3/31/Flag_of_Equatorial_Guinea.svg/20px-Flag_of_Equatorial_Guinea.svg.png,https://commons.wikimedia.org/wiki/File:Flag_of_Equatorial_Guinea.svg?uselang=fr
150,Macédoine du Nord,Skopje,1831802,https://upload.wikimedia.org/wikipedia/commons/thumb/7/79/Flag_of_North_Macedonia.svg/20px-Flag_of_North_Macedonia.svg.png,https://commons.wikimedia.org/wiki/File:Flag_of_North_Macedonia.svg?uselang=fr
152,Bahreïn,Manama,1569666,https://upload.wikimedia.org/wikipedia/commons/thumb/2/2c/Flag_of_Bahrain.svg/20px-Flag_of_Bahrain.svg.png,https://commons.wikimedia.org/wiki/File:Flag_of_Bahrain.svg?uselang=fr
153,Trinité-et-Tobago,Port-d'Espagne,1502932,https://upload.wikimedia.org/wikipedia/commons/thumb/6/64/Flag_of_Trinidad_and_Tobago.svg/20px-Flag_of_Trinidad_and_Tobago.svg.png,https://commons.wikimedia.org/wiki/File:Flag_of_Trinidad_and_Tobago.svg?uselang=fr
154,Timor oriental,Dili,1384286,https://upload.wikimedia.org/wikipedia/commons/thumb/2/26/Flag_of_East_Timor.svg/20px-Flag_of_East_Timor.svg.png,https://commons.wikimedia.org/wiki/File:Flag_of_East_Timor.svg?uselang=fr
155,Estonie,Tallinn,1367196,https://upload.wikimedia.org/wikipedia/commons/thumb/8/8f/Flag_of_Estonia.svg/20px-Flag_of_Estonia.svg.png,https://commons.wikimedia.org/wiki/File:Flag_of_Estonia.svg?uselang=fr
156,Chypre,Nicosie,1344976,https://upload.wikimedia.org/wikipedia/commons/thumb/d/d4/Flag_of_Cyprus.svg/20px-Flag_of_Cyprus.svg.png,https://commons.wikimedia.org/wiki/File:Flag_of_Cyprus.svg?uselang=fr
157,Maurice,Port-Louis,1273588,https://upload.wikimedia.org/wikipedia/commons/thumb/7/77/Flag_of_Mauritius.svg/20px-Flag_of_Mauritius.svg.png,https://commons.wikimedia.org/wiki/File:Flag_of_Mauritius.svg?uselang=fr
158,Eswatini,Mbabane,1230506,https://upload.wikimedia.org/wikipedia/commons/thumb/f/fb/Flag_of_Eswatini.svg/20px-Flag_of_Eswatini.svg.png,https://commons.wikimedia.org/wiki/File:Flag_of_Eswatini.svg?uselang=fr
159,Djibouti,Djibouti,1152944,https://upload.wikimedia.org/wikipedia/commons/thumb/3/34/Flag_of_Djibouti.svg/20px-Flag_of_Djibouti.svg.png,https://commons.wikimedia.org/wiki/File:Flag_of_Djibouti.svg?uselang=fr
160,Fidji,Suva,924145,https://upload.wikimedia.org/wikipedia/commons/thumb/b/ba/Flag_of_Fiji.svg/20px-Flag_of_Fiji.svg.png,https://commons.wikimedia.org/wiki/File:Flag_of_Fiji.svg?uselang=fr
161,Comores,Moroni,850387,https://upload.wikimedia.org/wikipedia/commons/thumb/9/94/Flag_of_the_Comoros.svg/20px-Flag_of_the_Comoros.svg.png,https://commons.wikimedia.org/wiki/File:Flag_of_the_Comoros.svg?uselang=fr
162,Guyana,Georgetown,826353,https://upload.wikimedia.org/wikipedia/commons/thumb/9/99/Flag_of_Guyana.svg/20px-Flag_of_Guyana.svg.png,https://commons.wikimedia.org/wiki/File:Flag_of_Guyana.svg?uselang=fr
163,Îles Salomon,Honiara,800005,https://upload.wikimedia.org/wikipedia/commons/thumb/7/74/Flag_of_the_Solomon_Islands.svg/20px-Flag_of_the_Solomon_Islands.svg.png,https://commons.wikimedia.org/wiki/File:Flag_of_the_Solomon_Islands.svg?uselang=fr
164,Bhoutan,Thimphou,786385,https://upload.wikimedia.org/wikipedia/commons/thumb/9/91/Flag_of_Bhutan.svg/20px-Flag_of_Bhutan.svg.png,https://commons.wikimedia.org/wiki/File:Flag_of_Bhutan.svg?uselang=fr
165,Luxembourg,Luxembourg,665098,https://upload.wikimedia.org/wikipedia/commons/thumb/d/da/Flag_of_Luxembourg.svg/20px-Flag_of_Luxembourg.svg.png,https://commons.wikimedia.org/wiki/File:Flag_of_Luxembourg.svg?uselang=fr
166,Monténégro,Cetinje (présidentielle),633552,https://upload.wikimedia.org/wikipedia/commons/thumb/6/64/Flag_of_Montenegro.svg/20px-Flag_of_Montenegro.svg.png,https://commons.wikimedia.org/wiki/File:Flag_of_Montenegro.svg?uselang=fr
167,Suriname,Paramaribo,628886,https://upload.wikimedia.org/wikipedia/commons/thumb/6/60/Flag_of_Suriname.svg/20px-Flag_of_Suriname.svg.png,https://commons.wikimedia.org/wiki/File:Flag_of_Suriname.svg?uselang=fr
169,Malte,La Valette,532956,https://upload.wikimedia.org/wikipedia/commons/thumb/7/73/Flag_of_Malta.svg/20px-Flag_of_Malta.svg.png,https://commons.wikimedia.org/wiki/File:Flag_of_Malta.svg?uselang=fr
170,Maldives,Malé,525994,https://upload.wikimedia.org/wikipedia/commons/thumb/0/0f/Flag_of_Maldives.svg/20px-Flag_of_Maldives.svg.png,https://commons.wikimedia.org/wiki/File:Flag_of_Maldives.svg?uselang=fr
171,Cap-Vert,Praia,522331,https://upload.wikimedia.org/wikipedia/commons/thumb/3/38/Flag_of_Cape_Verde.svg/20px-Flag_of_Cape_Verde.svg.png,https://commons.wikimedia.org/wiki/File:Flag_of_Cape_Verde.svg?uselang=fr
172,Brunei,Bandar Seri Begawan,458949,https://upload.wikimedia.org/wikipedia/commons/thumb/9/9c/Flag_of_Brunei.svg/20px-Flag_of_Brunei.svg.png,https://commons.wikimedia.org/wiki/File:Flag_of_Brunei.svg?uselang=fr
173,Belize,Belmopan,411106,https://upload.wikimedia.org/wikipedia/commons/thumb/e/e7/Flag_of_Belize.svg/20px-Flag_of_Belize.svg.png,https://commons.wikimedia.org/wiki/File:Flag_of_Belize.svg?uselang=fr
174,Bahamas,Nassau,399440,https://upload.wikimedia.org/wikipedia/commons/thumb/9/93/Flag_of_the_Bahamas.svg/20px-Flag_of_the_Bahamas.svg.png,https://commons.wikimedia.org/wiki/File:Flag_of_the_Bahamas.svg?uselang=fr
175,Islande,Reykjavik,387558,https://upload.wikimedia.org/wikipedia/commons/thumb/c/ce/Flag_of_Iceland.svg/20px-Flag_of_Iceland.svg.png,https://commons.wikimedia.org/wiki/File:Flag_of_Iceland.svg?uselang=fr
176,Vanuatu,Port-Vila,320409,https://upload.wikimedia.org/wikipedia/commons/thumb/b/bc/Flag_of_Vanuatu.svg/20px-Flag_of_Vanuatu.svg.png,https://commons.wikimedia.org/wiki/File:Flag_of_Vanuatu.svg?uselang=fr
177,Barbade,Bridgetown,282336,https://upload.wikimedia.org/wikipedia/commons/thumb/e/ef/Flag_of_Barbados.svg/20px-Flag_of_Barbados.svg.png,https://commons.wikimedia.org/wiki/File:Flag_of_Barbados.svg?uselang=fr
178,Sao Tomé-et-Principe,São Tomé,230871,https://upload.wikimedia.org/wikipedia/commons/thumb/0/0a/Flag_of_S%C3%A3o_Tom%C3%A9_and_Pr%C3%ADncipe.svg/20px-Flag_of_S%C3%A3o_Tom%C3%A9_and_Pr%C3%ADncipe.svg.png,https://commons.wikimedia.org/wiki/File:Flag_of_S%C3%A3o_Tom%C3%A9_and_Pr%C3%ADncipe.svg?uselang=fr
179,Samoa,Apia,216663,https://upload.wikimedia.org/wikipedia/commons/thumb/3/31/Flag_of_Samoa.svg/20px-Flag_of_Samoa.svg.png,https://commons.wikimedia.org/wiki/File:Flag_of_Samoa.svg?uselang=fr
180,Sainte-Lucie,Castries,179285,https://upload.wikimedia.org/wikipedia/commons/thumb/9/9f/Flag_of_Saint_Lucia.svg/20px-Flag_of_Saint_Lucia.svg.png,https://commons.wikimedia.org/wiki/File:Flag_of_Saint_Lucia.svg?uselang=fr
181,Kiribati,Tarawa-Sud,132530,https://upload.wikimedia.org/wikipedia/commons/thumb/d/d3/Flag_of_Kiribati.svg/20px-Flag_of_Kiribati.svg.png,https://commons.wikimedia.org/wiki/File:Flag_of_Kiribati.svg?uselang=fr
182,Seychelles,Victoria,127951,https://upload.wikimedia.org/wikipedia/commons/thumb/f/fc/Flag_of_Seychelles.svg/20px-Flag_of_Seychelles.svg.png,https://commons.wikimedia.org/wiki/File:Flag_of_Seychelles.svg?uselang=fr
183,Grenade,Saint-Georges,117081,https://upload.wikimedia.org/wikipedia/commons/thumb/b/bc/Flag_of_Grenada.svg/20px-Flag_of_Grenada.svg.png,https://commons.wikimedia.org/wiki/File:Flag_of_Grenada.svg?uselang=fr
184,États fédérés de Micronésie,Palikir,112630,https://upload.wikimedia.org/wikipedia/commons/thumb/e/e4/Flag_of_the_Federated_States_of_Micronesia.svg/20px-Flag_of_the_Federated_States_of_Micronesia.svg.png,https://commons.wikimedia.org/wiki/File:Flag_of_the_Federated_States_of_Micronesia.svg?uselang=fr
185,Tonga,Nukuʻalofa,104597,https://upload.wikimedia.org/wikipedia/commons/thumb/9/9a/Flag_of_Tonga.svg/20px-Flag_of_Tonga.svg.png,https://commons.wikimedia.org/wiki/File:Flag_of_Tonga.svg?uselang=fr
186,Saint-Vincent-et-les-Grenadines,Kingstown,101323,https://upload.wikimedia.org/wikipedia/commons/thumb/6/6d/Flag_of_Saint_Vincent_and_the_Grenadines.svg/20px-Flag_of_Saint_Vincent_and_the_Grenadines.svg.png,https://commons.wikimedia.org/wiki/File:Flag_of_Saint_Vincent_and_the_Grenadines.svg?uselang=fr
187,Antigua-et-Barbuda,Saint John's,93316,https://upload.wikimedia.org/wikipedia/commons/thumb/8/89/Flag_of_Antigua_and_Barbuda.svg/20px-Flag_of_Antigua_and_Barbuda.svg.png,https://commons.wikimedia.org/wiki/File:Flag_of_Antigua_and_Barbuda.svg?uselang=fr
188,Andorre,Andorre-la-Vieille,80856,https://upload.wikimedia.org/wikipedia/commons/thumb/1/19/Flag_of_Andorra.svg/20px-Flag_of_Andorra.svg.png,https://commons.wikimedia.org/wiki/File:Flag_of_Andorra.svg?uselang=fr
189,Dominique,Roseau,66510,https://upload.wikimedia.org/wikipedia/commons/thumb/c/c4/Flag_of_Dominica.svg/20px-Flag_of_Dominica.svg.png,https://commons.wikimedia.org/wiki/File:Flag_of_Dominica.svg?uselang=fr
190,Saint-Christophe-et-Niévès,Basseterre,46758,https://upload.wikimedia.org/wikipedia/commons/thumb/f/fe/Flag_of_Saint_Kitts_and_Nevis.svg/20px-Flag_of_Saint_Kitts_and_Nevis.svg.png,https://commons.wikimedia.org/wiki/File:Flag_of_Saint_Kitts_and_Nevis.svg?uselang=fr
191,Liechtenstein,Vaduz,39598,https://upload.wikimedia.org/wikipedia/commons/thumb/4/47/Flag_of_Liechtenstein.svg/20px-Flag_of_Liechtenstein.svg.png,https://commons.wikimedia.org/wiki/File:Flag_of_Liechtenstein.svg?uselang=fr
192,Monaco,Monaco,38956,https://upload.wikimedia.org/wikipedia/commons/thumb/e/ea/Flag_of_Monaco.svg/20px-Flag_of_Monaco.svg.png,https://commons.wikimedia.org/wiki/File:Flag_of_Monaco.svg?uselang=fr
193,Îles Marshall,Majuro (Delap-Uliga-Darrit),38827,https://upload.wikimedia.org/wikipedia/commons/thumb/2/2e/Flag_of_the_Marshall_Islands.svg/20px-Flag_of_the_Marshall_Islands.svg.png,https://commons.wikimedia.org/wiki/File:Flag_of_the_Marshall_Islands.svg?uselang=fr
194,Saint-Marin,Saint-Marin,33733,https://upload.wikimedia.org/wikipedia/commons/thumb/b/b1/Flag_of_San_Marino.svg/20px-Flag_of_San_Marino.svg.png,https://commons.wikimedia.org/wiki/File:Flag_of_San_Marino.svg?uselang=fr
195,Palaos,Melekeok (Ngerulmud),17727,https://upload.wikimedia.org/wikipedia/commons/thumb/4/48/Flag_of_Palau.svg/20px-Flag_of_Palau.svg.png,https://commons.wikimedia.org/wiki/File:Flag_of_Palau.svg?uselang=fr
196,Îles Cook,Avarua,14222,https://upload.wikimedia.org/wikipedia/commons/thumb/3/35/Flag_of_the_Cook_Islands.svg/20px-Flag_of_the_Cook_Islands.svg.png,https://commons.wikimedia.org/wiki/File:Flag_of_the_Cook_Islands.svg?uselang=fr
197,Nauru,Yaren (de facto),11875,https://upload.wikimedia.org/wikipedia/commons/thumb/3/30/Flag_of_Nauru.svg/20px-Flag_of_Nauru.svg.png,https://commons.wikimedia.org/wiki/File:Flag_of_Nauru.svg?uselang=fr
198,Tuvalu,Funafuti (Vaiaku),9816,https://upload.wikimedia.org/wikipedia/commons/thumb/3/38/Flag_of_Tuvalu.svg/20px-Flag_of_Tuvalu.svg.png,https://commons.wikimedia.org/wiki/File:Flag_of_Tuvalu.svg?uselang=fr
199,Niue,Alofi,1817,https://upload.wikimedia.org/wikipedia/commons/thumb/0/01/Flag_of_Niue.svg/20px-Flag_of_Niue.svg.png,https://commons.wikimedia.org/wiki/File:Flag_of_Niue.svg?uselang=fr
200,Vatican,Vatican,496,https://upload.wikimedia.org/wikipedia/commons/thumb/8/86/Flag_of_Vatican_City_%282001%E2%80%932023%29.svg/20px-Flag_of_Vatican_City_%282001%E2%80%932023%29.svg.png,https://commons.wikimedia.org/wiki/File:Flag_of_Vatican_City_(2001%E2%80%932023).svg?uselang=fr